Product Category;Product Level 1;Prodcut Group;Product Family;Product Series
Controls;COMPONENTS;CONTROLS COMMUNICATION MODULES;GCM Bacnet;GCM Bacnet
Air Cooler;COLD;VARIO CUBIC;GACV;GACV AG
Air Cooler;COLD;COMPACT MINI;GAMC;GAMC CX
Air Cooler;COLD;COMPACT MINI;GAMC;GAMC FP
Air Cooler;COLD;COMPACT MINI;GAMC;GAMC RX
Air Cooler;COLD;COMPACT MINI;GAMC;GAMC PX
Dry Cooler;WARM;VARIO V-SHAPE;G*DV;GFDV FD
Condenser;WARM;VARIO V-SHAPE;G*DV;GCDV RD
Condenser;WARM;VARIO V-SHAPE;G*DV;GCDV AD
Gas Cooler;WARM;VARIO V-SHAPE;G*DV;GGDV CD
Air Cooler;COLD;VARIO CUBIC;GHN;AGHR
Air Cooler;COLD;VARIO CUBIC;GHN;GGHR
;COMPONENTS;CONTROLS MOTOR MANAGEMENT;aicore™ air (GMMnext);GMMnext sincon lite
;COMPONENTS;CONTROLS MOTOR MANAGEMENT;aicore™ air (GMMnext);GMMnext phase-cut lite
;COMPONENTS;CONTROLS MOTOR MANAGEMENT;aicore™ air (GMMnext);GMMnext RD
;COLD;COMPACT CUBIC;GACC;GACC WP
;COLD;COMPACT CUBIC;GACC;GACC PX
;COLD;COMPACT SLIM;GASC;GASC WP
;COLD;COMPACT SLIM;GASC;GASC PX
;WARM;VARIO V-SHAPE;GCDV;GCDV PD
;WARM;VARIO V-SHAPE;GFDV;GFDV WP
;WARM;VARIO V-SHAPE;GFDV;GFDV FP
;COMPONENTS;CONTROLS SYSTEM CONTROLLER;aicore™ fusion (GSCnext);aicore™ fusion (GSCnext EC)
;COMPONENTS;CONTROLS SYSTEM CONTROLLER;aicore™ fusion (GSCnext);aicore™ fusion (GSCnext)
;COMPONENTS;CONTROLS HYDRO MANAGEMENT;aicore™ hydro (GHMnext);aicore™ hydro (GHMnext PAD)
Controls;COMPONENTS;CONTROLS MOTOR MANAGEMENT;aicore™ air (GMMnext);aicore™ air (GMMnext EC)
Controls;COMPONENTS;CONTROLS MOTOR MANAGEMENT;aicore™ air (GMMnext);aicore™ air ec (GMMnext Rail)
;COLD;COMPACT SLIM;FAC;FAC
Air Cooler;COLD;APPLICATION AGRI;GACA;GACA FP
Heat Exchanger / Coil;HEAT EXCHANGER;FINOOX GCO;GCO;GCO MICROOX
Heat Exchanger / Coil;HEAT EXCHANGER;FINOOX GCO;GCO;GCO PUMP
Heat Exchanger / Coil;HEAT EXCHANGER;FINOOX GCO;GCO;GCOB
Heat Exchanger / Coil;HEAT EXCHANGER;FINOOX GCO;GCO;GCOF
Heat Exchanger / Coil;HEAT EXCHANGER;FINOOX GCO;GCO;GCOG
Heat Exchanger / Coil;HEAT EXCHANGER;FINOOX GCO;GCO;GCOH
Heat Exchanger / Coil;HEAT EXCHANGER;FINOOX GCO;GCO;GCOK
Heat Exchanger / Coil;HEAT EXCHANGER;FINOOX GCO;GCO;GCON
Heat Exchanger / Coil;HEAT EXCHANGER;FINOOX GCO;GCO;GCOR
Others;OTHER;OTHER;ALFA LAVAL;ALFA LAVAL
Air Cooler;OTHER;OTHER;GMH;GMH
Air Cooler;OTHER;OTHER;GWH;GWH
Plug-In Refrigeration Unit;OTHER;OTHER;ICS;ICS
Plate Heat Exchanger;PLATE;PLATE ECO;THERMOECO;THERMOLINEECO
Plate Heat Exchanger;PLATE;PLATE PLUS;THERMOPLUS;THERMOLINEPLUS
Plate Heat Exchanger;PLATE;PLATE PURE;THERMOPURE;THERMOLINEPURE
Plate Heat Exchanger;PLATE;PLATE VARIO;THERMOVARIO;THERMOLINEVARIO
Waste Heat Unit;SYSTEME;SYSTEME;COND_UNIT;BCUC
Waste Heat Unit;SYSTEME;SYSTEME;COND_UNIT;GCUC
Plug-In Refrigeration Unit;SYSTEME;SYSTEME;GEK;GEKN
Plug-In Refrigeration Unit;SYSTEME;SYSTEME;GEK;GEKT
Waste Heat Unit;SYSTEME;SYSTEME;WATERLOOP;GFWP
Waste Heat Unit;SYSTEME;SYSTEME;WATERLOOP;GGPS
Waste Heat Unit;SYSTEME;SYSTEME;WATERLOOP;WATERLOOP
Evaporative Condenser;WARM;APPLICATION ECOSS;ECOSS;ECOSS
Condenser;WARM;APPLICATION INDOOR-H;RVH;RVH
Condenser;WARM;APPLICATION INDOOR-H;RVH;URH
Condenser;WARM;APPLICATION INDOOR-H;RVH;URS
Condenser;WARM;APPLICATION INDOOR-V;RVV;RVV
Heat Exchanger / Coil;HEAT EXCHANGER;FINOOX GCO;GCO;GCO FLUIDCOOLER
Condenser;WARM;APPLICATION INDOOR-V;RVV;URV
Heat Exchanger / Coil;HEAT EXCHANGER;FINOOX GCO;GCO;GCO DX
Heat Exchanger / Coil;HEAT EXCHANGER;FINOOX GCO;GCO;GCO AIRCOOLER
Components;COMPONENTS;COMPONENTS;COMPONENTS;COMPONENTS
Components;COMPONENTS;COMPONENTS;FANS;FANS
Components;COMPONENTS;COMPONENTS;HEATERS;HEATERS
Components;COMPONENTS;COMPONENTS;HEATERS;HEATING KIT
Components;COMPONENTS;COMPONENTS;GLYCOL GUARD;GLYCOL GUARD
Components;COMPONENTS;COMPONENTS;ADIABATIC COOLING SYSTEM;ADIABATIC COOLING SYSTEM
Components;COMPONENTS;COMPONENTS;STREAMER;STREAMER
Components;COMPONENTS;COMPONENTS;DEFROST;DEFROST FLAP
Controls;COMPONENTS;CONTROLS;CONTROLS;CONTROLS
Controls;COMPONENTS;CONTROLS;CONTROLS;CONTROL PANEL
Controls;COMPONENTS;CONTROLS MONITORING;GMP;GMP
Controls;COMPONENTS;CONTROLS ACCESSORIES;Pressure Sensors;GSW
Controls;COMPONENTS;CONTROLS MOTOR MANAGEMENT;GMM EC;GMM EC
Controls;COMPONENTS;CONTROLS MOTOR MANAGEMENT;GMM sincon;GMM sincon
Controls;COMPONENTS;CONTROLS MOTOR MANAGEMENT;GMM PhaseCut;GMM PhaseCut
Controls;COMPONENTS;CONTROLS MOTOR MANAGEMENT;GMM PhaseCut;GMM PhaseCut Compact
Controls;COMPONENTS;CONTROLS MOTOR MANAGEMENT;GMM Step;GMM Step
Controls;COMPONENTS;CONTROLS HYDRO MANAGEMENT;GHM PAD;GHM PAD
Controls;COMPONENTS;CONTROLS HYDRO MANAGEMENT;GHM Spray;GHM Spray
Controls;COMPONENTS;CONTROLS COMMUNICATION MODULES;GCM Modbus;GCM Modbus
Controls;COMPONENTS;CONTROLS COMMUNICATION MODULES;GCM Profibus;GCM Profibus
Controls;COMPONENTS;CONTROLS COMMUNICATION MODULES;GCM Profinet;GCM Profinet
Controls;COMPONENTS;CONTROLS COMMUNICATION MODULES;GCM WLAN;GCM WLAN
Others;COMPONENTS;RECEIVER;GBH;AGBH
Others;COMPONENTS;RECEIVER;GBH;AGBV
Others;COMPONENTS;RECEIVER;GBH;GBH
Others;COMPONENTS;RECEIVER;GBH;GBV
Heat Exchanger / Coil;HEAT EXCHANGER;FINOOX GCO;GCO;GCO CONDENSER
Air Cooler;COLD;VARIO DUAL;MDN;MDN
Condenser;WARM;COMPACT FLAT;G*HC;GCHC
Gas Cooler;WARM;COMPACT FLAT;G*HC;GGHC
Dry Cooler;WARM;VARIO FLAT;GVH;GFHE
Dry Cooler;WARM;VARIO FLAT;GVH;GFHG
Subcooler;WARM;VARIO FLAT;GVH;GUH
Subcooler;WARM;VARIO FLAT;GVH;GUV
Condenser;WARM;VARIO FLAT;GVH;GVH
Condenser;WARM;VARIO FLAT;GVH;GVHC
Condenser;WARM;VARIO FLAT;GVH;GVHG
Dry Cooler;WARM;VARIO FLAT;GVH;MFH
Dry Cooler;WARM;VARIO FLAT;GVH;MFHC
Dry Cooler;WARM;VARIO FLAT;GVH;MFV
Air Cooler;WARM;VARIO FLAT;GVH;WAH
Condenser;WARM;VARIO FLAT;GVH;MCH
Condenser;WARM;VARIO VERTICAL;G*VV;GCVV
Dry Cooler;WARM;VARIO VERTICAL;G*VV;GFVV
Gas Cooler;WARM;VARIO VERTICAL;G*VV;GGVV
Oil Cooler;WARM;VARIO VERTICAL;G*VV;GOVV
Condenser;WARM;VARIO VERTICAL;GVV;AGVV
Dry Cooler;WARM;VARIO VERTICAL;GVV;GFV
Condenser;WARM;VARIO VERTICAL;GVV;GVV
Air Cooler;WARM;VARIO VERTICAL;GVV;WAV
Condenser;WARM;VARIO VERTICAL;GVV;MCV
Gas Cooler;WARM;VARIO V-SHAPE;GGD;GGD
Condenser;WARM;VARIO V-SHAPE;GVD;AGVD
Dry Cooler;WARM;VARIO V-SHAPE;GVD;GFD
Dry Cooler;WARM;VARIO V-SHAPE;GVD;GFDX
Condenser;WARM;VARIO V-SHAPE;GVD;GVD
Condenser;WARM;VARIO V-SHAPE;GVD;GVDX
Dry Cooler;WARM;VARIO V-SHAPE;GVD;MFD
Condenser;WARM;VARIO V-SHAPE;GVD;MCD
Dry Cooler;WARM;VARIO FLAT;GVH;GFHC (CONTAINER)
Dry Cooler;WARM;COMPACT FLAT;G*HC;GFHC
Dry Cooler;WARM;VARIO FLAT;GVH;GFH
Condenser;WARM;VARIO FLAT;GVH;BITZER ALT
Oil Cooler;WARM;COMPACT FLAT;G*HC;GOHC
Subcooler;WARM;COMPACT FLAT;G*HC;GSHC
Condenser;WARM;COMPACT FLAT;GVHX;GVHX
Condenser;WARM;COMPACT VERTICAL;G*VC;GCVC
Dry Cooler;WARM;COMPACT VERTICAL;G*VC;GFVC
Gas Cooler;WARM;COMPACT VERTICAL;G*VC;GGVC
Oil Cooler;WARM;COMPACT VERTICAL;G*VC;GOVC
Subcooler;WARM;COMPACT VERTICAL;G*VC;GSVC
Condenser;WARM;COMPACT VERTICAL;GVM;GVM
Condenser;WARM;COMPACT VERTICAL;GVVX;GVVX
Condenser;WARM;COMPACT VERTICAL;GVX;GVXH
Condenser;WARM;COMPACT VERTICAL;GVX;GVXV
Condenser;WARM;COMPACT V-SHAPE;G*DC;GCDC
Dry Cooler;WARM;COMPACT V-SHAPE;G*DC;GFDC
Gas Cooler;WARM;COMPACT V-SHAPE;G*DC;GGDC
Condenser;WARM;COMPACT V-SHAPE;GCDC NLA;GCDC NLA
Adiabatic Dry Cooler;WARM;HYBRID JAEGGI Hybrid Blue;ADC;ADC
Adiabatic Dry Cooler;WARM;HYBRID JAEGGI Hybrid Blue;ADC;GFD ADC
Dry Cooler;WARM;HYBRID JAEGGI Hybrid Blue;ADC;GPR ADC
Adiabatic Condenser;WARM;HYBRID JAEGGI Hybrid Blue;ADV;ADV
Hybrid Dry Cooler;WARM;HYBRID JAEGGI Hybrid High Performance;HTK;HTK
Hybrid Condenser;WARM;HYBRID JAEGGI Hybrid High Performance;HTK;HTV
Condenser;WARM;VARIO FLAT;G*HV;GCHV
Dry Cooler;WARM;VARIO FLAT;G*HV;GFHV
Gas Cooler;WARM;VARIO FLAT;G*HV;GGHV
Oil Cooler;WARM;VARIO FLAT;G*HV;GOHV
Condenser;WARM;VARIO FLAT;GVH;AGVH
Condenser;WARM;VARIO FLAT;GVH;BCH
Condenser;WARM;VARIO FLAT;GVH;BCV
Condenser;WARM;VARIO FLAT;GVH;G
Air Cooler;COLD;VARIO DUAL;MDN;MDGN
Air Cooler;COLD;VARIO DUAL;MDN;MDAN
Air Cooler;COLD;VARIO DUAL;MDN;CPMDN
Condenser;COLD;COMPACT CUBIC;C*H;MCAH
Condenser;COLD;COMPACT CUBIC;C*H;MCAV
Air Cooler;COLD;COMPACT CUBIC;C*L;CDL
Air Cooler;COLD;COMPACT CUBIC;C*L;CEL
Air Cooler;COLD;COMPACT CUBIC;C*L;CGL
Air Cooler;COLD;COMPACT CUBIC;C*L;CKL
Air Cooler;COLD;COMPACT CUBIC;C*L;CAGL
Air Cooler;COLD;COMPACT CUBIC;C*M;CAGM
Air Cooler;COLD;COMPACT CUBIC;C*M;CDM
Air Cooler;COLD;COMPACT CUBIC;C*M;CEM
Air Cooler;COLD;COMPACT CUBIC;C*M;CGM
Air Cooler;COLD;COMPACT CUBIC;C*M;CKM
Air Cooler;COLD;COMPACT CUBIC;G*L;GAL
Air Cooler;COLD;COMPACT CUBIC;G*L;GDL
Air Cooler;COLD;COMPACT CUBIC;G*L;GEL
Air Cooler;COLD;COMPACT CUBIC;G*L;GGL
Air Cooler;COLD;COMPACT CUBIC;G*L;GKL
Air Cooler;COLD;COMPACT CUBIC;FAL;FAL
Air Cooler;COLD;COMPACT CUBIC;FAM;FAM
Air Cooler;COLD;COMPACT CUBIC;G*M;GAM
Air Cooler;COLD;COMPACT CUBIC;G*M;GEM
Air Cooler;COLD;COMPACT CUBIC;G*M;GKM
Air Cooler;COLD;COMPACT CUBIC;FGM;FGM
Air Cooler;COLD;COMPACT CUBIC;FGL;FGL
Air Cooler;COLD;COMPACT CUBIC;GCCH;GCCH
Air Cooler;COLD;COMPACT DUAL;DHF;DHF
Air Cooler;COLD;COMPACT DUAL;GADC;GADC CX
Air Cooler;COLD;COMPACT DUAL;GADC;GADC FP
Air Cooler;COLD;COMPACT DUAL;GADC;GADC PX
Air Cooler;COLD;COMPACT CUBIC;C*H;CKH
Air Cooler;COLD;COMPACT DUAL;GADC;GADC RX
Air Cooler;COLD;COMPACT CUBIC;C*H;CEH
Air Cooler;COLD;COMPACT CUBIC;C*H;CAH
Air Cooler;COLD;APPLICATION AGRI;GACA;GACA RX
Air Cooler;COLD;APPLICATION BLAST;GFN;AGFN
Air Cooler;COLD;APPLICATION BLAST;GFN;GFK
Air Cooler;COLD;APPLICATION BLAST;GFN;GFN
Air Cooler;COLD;APPLICATION BLAST;GFN;MBN
Air Cooler;COLD;APPLICATION FLOOR;GSN;GSN
Air Cooler;COLD;APPLICATION FLOOR;GSN;GSSA
Air Cooler;COLD;APPLICATION FLOOR;GSN;GSTA
Air Cooler;COLD;APPLICATION PENTHOUSE;GANP;GANP
Air Cooler;COLD;APPLICATION PENTHOUSE;GHE;CPGHE
Air Cooler;COLD;APPLICATION PENTHOUSE;MANP;MANP
Air Cooler;COLD;APPLICATION PROCESS;GADP;GADP AP
Air Cooler;COLD;APPLICATION PROCESS;GADP;GADP CX
Air Cooler;COLD;APPLICATION PROCESS;GADP;GADP FP
Air Cooler;COLD;APPLICATION PROCESS;GADP;GADP PX
Air Cooler;COLD;APPLICATION PROCESS;GADP;GADP RX
Air Cooler;COLD;APPLICATION PROCESS;GBK;AGBF
Air Cooler;COLD;APPLICATION PROCESS;GBK;AGBK
Air Cooler;COLD;APPLICATION PROCESS;GBK;AXGBK
Air Cooler;COLD;APPLICATION PROCESS;GBK;GBK
Air Cooler;COLD;APPLICATION PROCESS;GBK;GGBK
Air Cooler;COLD;APPLICATION PROCESS;GBK;MBK
Air Cooler;COLD;APPLICATION PROCESS;GBK;MGBK
Air Cooler;COLD;APPLICATION PROCESS;GPN;GPN
Air Cooler;COLD;APPLICATION THERMOSTORE;GIK;GIKN
Air Cooler;COLD;APPLICATION THERMOSTORE;GIK;GIKS
Air Cooler;COLD;COMPACT CUBIC;GACC;GACC CX
Air Cooler;COLD;COMPACT CUBIC;GACC;GACC FP
Air Cooler;COLD;COMPACT CUBIC;GACC;GACC RX
Air Cooler;COLD;COMPACT CUBIC;C*H;CDH
Air Cooler;COLD;COMPACT DUAL;GADC;GADC WP
Air Cooler;COLD;COMPACT DUAL;C*D;CAD
Air Cooler;COLD;COMPACT DUAL;C*D;CAGD
Air Cooler;COLD;VARIO CUBIC;GHF;GHFB
Air Cooler;COLD;VARIO CUBIC;GHF;MGF
Air Cooler;COLD;VARIO CUBIC;GHF;MHF
Air Cooler;COLD;VARIO CUBIC;GHF;MGHF
Air Cooler;COLD;VARIO CUBIC;GHK;GHK
Air Cooler;COLD;VARIO CUBIC;GHN;AGHN
Air Cooler;COLD;VARIO CUBIC;GHN;AXGHN
Air Cooler;COLD;VARIO CUBIC;GHN;CPGHN
Air Cooler;COLD;VARIO CUBIC;GHN;CXGHN
Air Cooler;COLD;VARIO CUBIC;GHN;GGHN
Air Cooler;COLD;VARIO CUBIC;GHN;GGN
Air Cooler;COLD;VARIO CUBIC;GHN;GHN
Air Cooler;COLD;VARIO CUBIC;GHN;GWN
Air Cooler;COLD;VARIO CUBIC;GHN;MAN
Air Cooler;COLD;VARIO CUBIC;GHN;MGN
Air Cooler;COLD;VARIO CUBIC;GHN;MHN
Air Cooler;COLD;VARIO CUBIC;GHS;GHS
Air Cooler;COLD;VARIO CUBIC;GHT;GHT
Air Cooler;COLD;VARIO CUBIC;MAS;MAS
Air Cooler;COLD;VARIO CUBIC;MDAS;MDAS
Air Cooler;COLD;VARIO DUAL;DHN;ADHN
Air Cooler;COLD;VARIO DUAL;DHN;AXDHN
Air Cooler;COLD;VARIO DUAL;DHN;CPDHN
Air Cooler;COLD;VARIO DUAL;DHN;DGN
Air Cooler;COLD;VARIO DUAL;DHN;DHN
Air Cooler;COLD;VARIO DUAL;DHN;DHN-S
Air Cooler;COLD;VARIO DUAL;GDS;GDS
Air Cooler;COLD;VARIO DUAL;GDT;GDT
Air Cooler;COLD;VARIO DUAL;MDN;AXMDN
Air Cooler;COLD;VARIO CUBIC;GHF;GHF
Air Cooler;COLD;VARIO CUBIC;GHF;GGHF
Air Cooler;COLD;VARIO CUBIC;GHF;CXGHF
Air Cooler;COLD;VARIO CUBIC;GHF;CPGHF
Air Cooler;COLD;COMPACT DUAL;C*D;CDD
Air Cooler;COLD;COMPACT DUAL;C*D;CED
Air Cooler;COLD;COMPACT DUAL;FAD;FAD
Air Cooler;COLD;COMPACT DUAL;FGD;FGD
Air Cooler;COLD;COMPACT SLIM;GASC;GASC CX
Air Cooler;COLD;COMPACT SLIM;GASC;GASC FP
Air Cooler;COLD;COMPACT SLIM;GASC;GASC RX
Air Cooler;COLD;COMPACT SLIM;GDE;CPGDE
Air Cooler;COLD;COMPACT SLIM;GDF;BDF
Air Cooler;COLD;COMPACT SLIM;GDF;CXGDF
Air Cooler;COLD;COMPACT SLIM;GDF;GDF
Air Cooler;COLD;COMPACT SLIM;GDF;GDM
Air Cooler;COLD;COMPACT SLIM;GDF;GGDF
Air Cooler;COLD;COMPACT SLIM;C*C;CAC
Dry Cooler;WARM;VARIO V-SHAPE;GVW;GFW
Air Cooler;COLD;COMPACT SLIM;C*C;CDC
Air Cooler;COLD;COMPACT SLIM;FGC;FGC
Air Cooler;COLD;VARIO CUBIC;GACV;GACV AP
Air Cooler;COLD;VARIO CUBIC;GACV;GACV CG
Air Cooler;COLD;VARIO CUBIC;GACV;GACV CP
Air Cooler;COLD;VARIO CUBIC;GACV;GACV CX
Air Cooler;COLD;VARIO CUBIC;GACV;GACV FP
Air Cooler;COLD;VARIO CUBIC;GACV;GACV PX
Air Cooler;COLD;VARIO CUBIC;GACV;GACV RX
Air Cooler;COLD;VARIO CUBIC;GACV;GACV WP
Air Cooler;COLD;VARIO CUBIC;GHF;BASE-CUBE
Air Cooler;COLD;VARIO CUBIC;GHF;BSF
Air Cooler;COLD;VARIO CUBIC;GHF;CAL
Air Cooler;COLD;VARIO CUBIC;GHF;CAM
Air Cooler;COLD;COMPACT SLIM;C*C;CEC
Condenser;WARM;VARIO V-SHAPE;GVW;GVW
;PLATE;PLATE;;
;WARM;APPLICATION HIGH DENSISTY;;
;COLD;APPLICATION HIGHSTORE;;
;WARM;HYBRID;;
;COMPONENTS;CONTROLS ACCESSORIES;Temperature Sensors;
;COMPONENTS;CONTROLS ACCESSORIES;Sinus Filters;
;;; ;
;;;;
Heat Collector;HEAT COLLECTOR;Cubic;GHCV;GHCV CX
Heat Collector;HEAT COLLECTOR;Cubic;GHCV;GHCV CP
Heat Collector;HEAT COLLECTOR;Cubic;GHCV;GHCV RX
Heat Collector;HEAT COLLECTOR;Cubic;GHCV;GHCV PX
Heat Collector;HEAT COLLECTOR;Cubic;GHCV;GHCV AP
Heat Collector;HEAT COLLECTOR;Flat;;
Heat Collector;HEAT COLLECTOR;Vertical;;
Heat Collector;HEAT COLLECTOR;V-shape;;
